文件夹,封赏对象,封赏时间,年号,地区,现代行政区划,品级,原文
1,于天禄,嘉慶十四年正月初一日,嘉慶,湖南鎮筸鎮,湖南,,"皇帝制曰寵國爵笑嘉闕
之前于武乃前仁
克家有手拓令緒於韜鈴
兹以覃恩贈爾為武翼都
尉錫之誥命於戲錫策府
于勤思
以榮親爾唐氏乃前任湖
南鎮筸鎮標左營遊擊今
陞撫標中軍叅將于天禄
戲錫龍綸而采用答劬
勞被象服以永庥允光泉
壤
嘉慶十四年正月初一日
千天禄"
2,张劬、刘氏,乾隆三十年闰二月二十一日,乾隆,山东沂州府兰山县,山东,五品（奉直大夫）、五品（宜人）,"奉天誥

奉
入承運
皇帝制曰：求治在親民之吏端重循良，教忠勵資敬之忧，聿隆褒獎。爾張劬乃山東沂州府蘭山縣知縣加三級張為藏之父，視躬淳厚，垂訓端嚴，業可開先，式穀乃宣猷之本；澤堪啟後，貽謀裕作牧之方。兹以爾子克襄王事，贈爾為奉直大夫，錫之誥命。於戲！克承清白之風，嘉兹報政；用慰顕揚之志，昭乃遺模。

制曰：朝廷重民社之司，功推循吏；臣子凛氷淵之操，教本慈偉。爾劉氏乃山東沂州府蘭山縣知縣加三級張為之母，淑慎其儀，柔嘉維則，宣訓詞於朝夕，不忘育子之勤；集慶澤於門閭，式被自天之寵。兹以爾子克襄王事，贈爾為宜人。於戲！仰的顧復之恩，勉思撫字；載煥絲綸之色，永賁幽潜。

乾隆三十年閏二月二十一日"
3,鍾白,嘉慶肆年正月初壹日,嘉慶,,,,"奉大誥命
鍾白
一級韓
佐領加
育之學母子貴
茲以覃恩贈爾為淑
人錫之誥命於戲軍
容丕振𠈷寵命之均
霑慶與時行庶令儀
之永表容
嘉慶捨肆年正月初壹日
如壶春"
4,陆昌言,,,浙江黄巖镇,浙江,武德骑尉,"奉天誥命

四策勲疆圍，遡大父之恩。

贺昌言之祖父，敬以持躬，忠能啓後。盛宣閫外，家傳韜畧之書；澤沛天邊，國有旂常之典。兹以覃恩，馳贈爾為武德騎尉，錫之誥命。於戲！我武雒揚，特起孫枝之秀；賞延於世，益微遺緒之長。

制曰：樹豐功於行陣，業著聞孫；錫介福於庭幃，思推大母。爾劉氏，迺浙江黄巖鎮標右營守備陸昌言之祖母，豪儀足式，令問攸昭。振劔珮之家聲，輝流奕世；播絲綸之國典，慶衍再傳。兹以覃恩，馳贈為宜人。於戲！翟茀用光，膺宏休於天闗；龍章載焕，錫大惠於重泉。

浙江魚嚴鎮標右

拾肆

之相父母"
5,方鳳咸,光绪十五年二月十七日,光绪,浙江嘉兴,浙江,五品,五品軍印浙嘉興东營千總方鳯岐迎文義方啟後穀似光箭稽善在躬望於弓治克家有子拈令著蹟王朝錫類崇親爾蔡氏迺五品軍功浙江嘉興左營千總方鳳咸之母七誠媚明三遷勤篤令儀不成旱流斯之繁越教有成果見干城之器茲以覃恩封爾為宜人於嵗龍章而采用答的勞被象服以承麻允膺光寵五品軍功浙江嘉興協左營十總光緒拾伍年貳月拾柒日
6,王鐸、姜氏、周氏,崇祯元年七月十九日,崇祯,山东、蓟州、顺天等府,山东、天津、北京,中宪大夫、恭人、太恭人,"奉天承运皇帝制曰：敦诗说礼，致身实本于教忠；安夏攘夷，迈种必推夫贻谷。宜展显承之孝，用男贲锡之恩。尔原任山东都司靖海卫儒学教授，累赠中大夫山东布政司右参政兼按察司佥事王铎，乃整蓟州等处边备兼巡抚顺天等府地方都察院右佥都御史应豸之父。襟期高朗，操履端凝。逊志索丘，高德行文章之誉；秉心金玉，无孝弟忠信之科。万石不言而躬行太丘，有道以仪世。绛帷表正，渐摩桃李之春；黄后书傅，变化尽风云之秘。虽身甘于鸿隐，乃子和夫鹤鸣。丕勒鼎彝，羡繁祉之有自；肇兴带砺，信灵气之非虚。是用赠尔为中宪大夫都察院右佥都御史，树文武之猷。石室既铭其显世，昭义方之报。玄扃永荷其承庥。

制曰：朕体臣寮显亲之心，则母缘子贵；敦伉俪从爵之义，则夫并妇荣。报本惟隆，驰恩宜亟。尔累赠淑人姜氏，乃整蓟州等处边备兼巡抚顺天等府地方都察院右佥都御史王应豸之子。行遵女之德，树母仪载肃载雍。克谨于鞶之度，既齐既敕。允臧闺阁之仪，敬效佩环以相君子。业亲丝枲以贻后昆，迺荣禄之未沾，悲令仪之遥邈。国恩有赫，姆范孔扬。是用赠尔为恭人，分宸以有荣，表幽阡而不朽。

制曰：名臣阙气运而生，其致用必远；人子画尊亲之孝，以逮养为荣。方荷天麻，宜草国庆。尔累封大淑人周氏，乃整蓟州等处边备兼巡抚顺天等府地方都察院右佥都御史王应豸之母。姿凝淑气，裔出璇源。言笑罕形，嘻呜罔闻于尔室；图箴叶度，姻亲矜式于女宗。寒宵襄铅椠之劳，机丝弗懈；中馈洁青精之奉，鼎七克虔。佐乐育而李桃蔚彼门墙，昭义方而熊荻高其阙阅。诞隆殊典，报厥穷根。是用封尔为太恭人，此象贤永养堂之爱。日申其燕喜，嘉懿训之可风。

崇祯元年七月十九日"
7,,,,,,,"而此微以以甄武常之制運奉
皇天
席承
自則防立彭進大曰
家管嘉身滅腎治古典脑
曰朕惟尚德崇功國家
之大典輸忠盡職臣子之
常古聖帝明王覲礼以
治以文欽承胜制
賢能特設文武勤階
激勸受識任者必忠
立身仁以撫衆智以察
微防壺禦侮機無暇時能
此則及前人福廷後嗣
而舟家求康矣敬之勿怠"
8,张翰,乾隆四十二年五月初二日,乾隆,甘肃直隶绝化州,甘肃,八品,"有慶𣗳德務滋嗣法白之芳澤留再
世衍弓棄之今緒祐駕一堂兹以覃恩
馳贈爾為修職莭錫之初命於戲聿修
念祖膺典而益勵新猷有貽孫幽光
而丕彰潜徳

制曰黄府嗣庸聿著人之懋續徳門輯
慶式昭大母之芳無爾鄭民乃甘肅直
隸絕化州學正張翰之祖母藏誠揚谷
術橫墓德職動内助宜家久著其賢聲
澤裕後昆錫類式承乎嘉命兹以覃恩
馳贈爾為八品孺人於藏播盛音於彤
管壺範彌光膺異數於紫泥天麻永部

乾隆四十二年五月初二日"
9,张氏,同治元年四月二十六日,同治,内务府正白旗,北京,,"皇帝朔口子而見
顯無太顯既而

中受敬澤遠所生爾
張氏通内務府正白
旗騎泰加二級
文炤之生母㓜即端
莊長而敏淑蘩佐
理何心茀之榮贊
織専修不敢鳴恭之
度兹以覃恩贈爾為
|
夫人錫之誥命於戲
母因子貴既膺給綍
以承庥忠以孝成式
賁松楸而焕色
内務府正白旗馳騎参復
同治元年肆月貳拾陸
加貳級文炤之生母"
10,尚宗、尚宗煜,,,廂藍旗漢軍,,佐領加一級,"奉天承運皇帝制曰：臣子靖共之誼，勇徽即為敬官；朝廷敷典之恩，作忠乃以教孝。昌尚攻有藍雄蕩軍佐領加尚宗之父，令德克数，義方有訓，行發祥之世緒，早大門閭，旌式穀之休威，用之間惟分子能天略。

蘇燕一本於貽謀，編構方新，殊錫長綏夫餘慶。欽予時命，慰爾幽光。

制曰：臣能宣力，愛勞固頼於嚴親；子克成家，令善悉由於慈母。爾祖氏廼府藍旗漢軍佐領加一級尚宗煜之母，柔順為儀，賢明著範，當弧矢懸門之日，瑞應虎臣，迨于城報國之年，恩沾鸞誥。兹以覃恩，封爾為淑人。於戲！賁翟車而煥采，寵命祗承；摛彤管而揚徽，榮施勿替。

廂藍旗漢軍佐領。"
11,俞王之,光绪五年八月二十八日,光绪,山西代州直隶州,山西,,"周花候补知府加四级山西代州直隶州知州俞王之。

曹祖父教脩元斁垂教有方，德开先堂构益恢于来绪，诏谋后箕元大异休懿矩，弘昌是逮，故以覃思贼为奉大夫，锡之法命于藏。

四世其吕久聚德星之庆，九原可永承褒命之荣，国典酒骨家风林。

制口总渠泊龙被干外像贞顺无休，聿于四德待教惠，回徽芳丽沈氏迺花铜候。

犹知府如四山山代州可能令善堪训干后昆，爰若经祥之德传素风于济业，对论谷之谋允母仪庸昭国典。

以车慈地国为大人，于戏九重锡庆邀丹之衰，四世其昌并焕未惰之邑勤宣，今问日闻幽光。

花钿条印府加群山西代州。

光绪伍年捌月贰拾捌日。

直隶州知州前廉三上曾神益。"
12,海冲阿,乾隆十六年十一月二十五日,乾隆,,,八品,"奉天承运皇帝制曰：宣猷服采，中朝抒报最之忱；锡类推恩，休命示酬庸之典。尔进海乃兵科八品笔帖式加一级海冲阿之父，令德践修，义方夙著。诗书启后，用彰式谷之风；弓冶传家，克作教忠之则。兹以覃恩，封尔为徵仕郎兵科八品笔帖式加一级，锡之敕命。于戏！笃生杞梓之材，功归庭训；丕焕丝纶之色，荣播天章。

制曰：壶教凝祥，懋嘉猷于朝宁；国常布惠，扬休命于庭闱。尔兵科八品笔帖式加一级海冲阿之母马佳氏，勤慎宜家，贤明训后。相夫以顺，含内美于珩璜；鞠子有成，树良材于桢干。兹以覃恩，赠尔为孺人。于戏！昭兹令善之声，荣施勿替；食尔劬劳之报，遗范长垂。

乾隆十六年十一月二十五日。

奉天承运皇帝制曰：义重图书，期示同文之盛；职司册府，尚需襄事之劳。尔兵科八品笔帖式加一级海冲阿，进学维勤，临文克慎。寄专翰墨，曾无掣肘之忧；才任趋跄，颇竭在公之力。兹以覃恩，授尔为徵仕郎，锡之敕命。于戏！荣兹庆典，益肆力于簿书；励乃官方，永承休于纶綍。

制曰：丕绩奏于中朝，端顺闲家之助；宠章颁乎庆典，宜分齐体之荣。尔兵科八品笔帖式加一级海冲阿之妻吴佳氏，早习女仪，克修妇职。鸡鸣交儆，既砥节于素丝；蚕绩执劳，用邀恩于紫綍。兹以覃恩，封尔为孺人。于戏！巾桂彰和顺之风，鸾书诞贲；廷陛焕褒嘉之命，翟茀永贻。

乾隆十六年十一月二十五日。"
13,单凤毛,乾隆五十年正月初一日,乾隆,直隶永平府,河北,朝议大夫（四品）,"奉天承运皇帝制曰：求治在亲民之吏，端重循良教忠。励资敬之忱，聿隆褒奖。尔单凤毛，乃直隶永平府知府单煃之父，禔躬淳厚，垂训端严。业可开先，式谷乃宣猷之本；泽堪启后，贻谋裕作牧之方。兹以覃恩，赠尔为朝议大夫，锡之诰命。于戏！克承清白之风，嘉兹报政；用慰显扬之志，覃恩赠尔为恭人。于戏！仰酬顾复之恩，勉思抚字；载焕丝纶之色，永贲幽潜。

诰命
乾隆五十年正月初一日
之宝"
14,周現、丘氏,乾隆十六年十一月二十五日,乾隆,,,五品（奉直大夫）、六品（牧長）,"奉天諸長加一經周現於内府寵錫宜膺兹以覃恩特授爾階奉直大夫錫之誥命於藏夙夜在公克毖趋蹌之職絲綸逮下聿酬奔奏之庸用獎前勞勉圗後效

制曰勤宣毅績聿徴服采之才茂著規型式獎同心之媺爾六品牧長加一級𬋩國現之妻丘氏夙諳内則作配名門訓典嫻明尤協珩璜之度禮儀純俻克彰蘋落之風兹以恩封爾為宜人於戲荷天寵以𣴑芳魚軒瑛采被國恩而永譽象服增榮

乾隆十六年十一月二十五日"
15,王鐸、姜氏、周氏,崇禎元年七月十九日,崇禎,山東都司清海衛、薊州、順天等府,山東、天津、北京,中憲大夫、恭人、太恭人,"奉天承運皇帝制曰：敦詩說禮，致身實本于教忠；安夏攘夷，邁種必推夫昭穀。宜展顯承之孝，用男賁錫之恩。爾原任山東都司清海衛儒學教授，累贈中大夫山東布政司右政兼按察司僉事王鐸，乃整飭薊州等處邊備，兼廵撫順天等府地方都察院右僉都御史應豸之父。襟期高朗，操履端凝。遜志索丘，髙德行文章之譽；秉心金玉，無孝弟忠信之科。萬石不言而躬行，太丘有道以儀世。絳帷表正，漸摩桃李之春；黃石書傅，變化書風雲之松。雖身甘于鴻𨼆，乃子和夫鶴鳴。丕勒𪔂𢑱，羡繁祉之有自；肇興帶礪，信霸氣之非虚。是用贈爾為中憲大夫都察院右僉都御史，樹文武之猷，石室既銘其顯世；昭義方之報，玄扄永荷其承庥。

制曰：朕體臣寮顯親之心，則母縁子貴；敦伉儷從爵之義，則夫並婦榮。報本惟隆，馳恩宜亟。爾累贈淑人姜氏，乃整薊州等處邊備，兼廵撫順天等府地方都察院右僉都御史王應豸之前母。行遵女史，德樹母儀。載肅載雍，克謹於鞶之度；既齊既勑，允臧閨閭之儀。敬效佩環以相君子，業親絲枲以貽後昆。迺榮祿之未霑，悲令儀之遥邈。國恩有赫，姆範孔揚。是用贈爾為恭人，分宸緑以有榮，表幽阡而不朽。

制曰：名臣闕氣運而生，其致用必逺；人子盡尊親之孝，以逮養為榮。方荷天府，宜覃國慶。爾累封大淑人周氏，乃整薊州等處邊備，兼廵撫順天等府地方都察院右僉都御史王應豸之母。姿凝淑氣，裔出璇源。言笑罕形，嘻鳴罔聞于爾室；圖箴叶度，婣親矜式于女宗。寒宵襄鉛槧之勞，機絲弗懈；中饋潔青精之奉，𪔂兄克虔。佐樂育而李桃蔚彼門墻，昭義方而熊荻高其間閱。誕隆殊典，報厥霛根。是用封爾為太恭人，睠此象賢，永養堂之愛日；申其燕喜，嘉懿訓之可風。

崇禎元年七月十九日"
16,薛作楫,道光天年正月十六日,道光,河南河南府登封县,河南,六品,"奉天造
奉
天为
皇帝制曰任使需牙稱職志在官之
美馳奏效報錫類之仁爾
登仕佐翰林院待
迺河南河南村登封归薛
作楫
愛尚素風迎善氣可治
克勤扵庶訓箕裘丕於天家
發
勅
顯揭之
國典非私酬
燕翼
情臣心
中職無須者動勞之源
制
宜無鞠育之恩前贈孺人鄉
河
南財散
作楫之母
淑範宜家令儀昌後早相夫人而教
子俾移孝以作忠兹以覃思晉馳
贈圖為六品孺人於戲賁象服之
端嚴誕膺鉅典錫龍章之渙
汗允播徽音
制日佐庶司之經理爰獎通才勸
百爾之孝思用彰慈教爾前贈
孺人劉氏西河南河南府登封
縣教論薛作楫之經母德可之
型家思能育子顧復無殊於
所出榮光遍逮夫乃身茲以覃
思晉馳贈爾為六品孺人於戲師
賢母之風勵茲清白沛熙朝
之命垂比徽音
道光天年正月兵拾陸日
教諭薛作楫之父母"
17,栗贵林、王氏,,,羽林前卫,,徵仕郎、孺人,"皇帝勑曰：国家推使臣之礼，录教子之功。爵赏既加其身，褒崇必及其父。存没虽异，恩与则同。尔栗贵林乃羽林前卫经历司经历翥之父，善行积躬，遗经教子。贤劳既著，禄养竟违。宜有渥恩，以申追恤。兹特赠为徵仕郎羽林前卫经历司经历，庶彼幽灵，服斯明命。

勑曰：子之於母，孝爱盖极其深；君之於臣，礼意必从其厚。故养有不迷，而恩无弗加。尔王氏乃羽林前卫经历司经历栗翥之母，相夫画职，教子成名。爰推锡类之仁，用示追崇之典。兹特赠为孺人，灵爽如存，尚其歆服。

朕命之宝。"
18,钱庆煜,咸丰六年六月二日,咸丰,浙江,浙江,四品,"奉天承运皇帝制曰：考绩著三年之最，用奖臣劳；推恩始一命之荣，载扬国典。尔赏戴蓝翎浙江候补同知钱庆煜，筮仕初来，服官惟勉。继射潮之先泽，无玷家声；习听鼓于武林，克襄王事。兹以覃恩，诰封尔为中宪大夫。于戏！忠无不报，膺懋典而咸宜；往即乃功，尚新猷之益励。

诰命
咸丰六年六月二日
之宝"
19,谢志、谢天爵,成化五年四月十二日,成化,四川建昌府、山西平阳卫,四川、山西,指挥佥事（正四品）、指挥同知（从三品）、指挥使（正三品）,"奉天命

奉天承运皇帝制曰：昔者圣王之治天下也，必资威武以安黔黎，未尝专修文而不演武。朕特仿古制，设武职以卫治功。受斯任者，必忠以立身，仁以抚众，智以察微，防奸御侮，机无暇时。能此则荣及前人，福延后嗣，而身家永昌矣。敬之勿怠。

成化五年四月十二日

谢志年板拾贰岁，四川建昌府杂造局市尾村楚人。有祖谢寺，洪武贰拾伍年拾壹月取充小旗。洪武贰拾陆年捌月拨营州中护卫前所带管。洪武贰拾玖年柒月调本卫中左所。洪武叁拾贰年拾月，大宁归顺，随军奉天征讨，取广昌。洪武叁拾叁年正月取蔚州，攻园大同。肆月白沟河大战金胜。伍月攻围济南。玖月陞本所感旗。拾月攻充沧州。拾贰月东昌大战。洪武叁拾肆年正月威县深州杀败真定军马。叁月夹河火战金胜。闰叄月藁城大战全胜。月平村战胜。捌月征求平。拾壹月昌黎县杀败辽东军马。四陞本所宝授百户。洪武叁拾伍年正月攻克东阿、东平、汶上等处。叁月淝河战胜。肆月大店小河战胜。王庄驿截粮。灵璧县大战全胜，攻破营寨。伍月至泗州，过淮河。陆月渡江，拾叁日平定京师。拾贰月初捌日钦陞金山卫前所正千户。永乐贰年拾贰月贰拾壹日钦与世袭。求乐捌年贰月迤此征进。伍月拾叁日于玄冥河追胡寇本雅失里。陆月杀败胡阿鲁台有功回还。捌月初壹日陛本卫指挥佥事。洪熙元年正月贰拾肆日调山西平阳卫指挥佥事。宣德陆年肆月年老，父谢正于本年伍月贰拾陆日替职。正统柒年伍月病故。志孙璃长男，本年拾贰月贰拾壹日授明威将军平阳卫世袭指挥佥事。父谢正赠明威将军佥指挥使司事。母李氏赠恭人。妻马氏赠恭人。

之宝

谢天爵年贰拾肆岁，系谢志孙。祖志患风疾。父谢兴成化拾肆年肆月替职。拾陆年贰月跟绍兵官都督范瑾到咸宁海子哨，见达贼奋勇当先，杀败达贼有功，陞指挥同知。本年陆月到任。拾来年正月跟副緫兵官都督孙钺等到破堡子马头山哨，见达贼孝次当先，杀贼有功，陞指挥使。本年陆月到任。故天爵系嫡长男，扵弘治拾叁年玖月龙职。今授昭勇将军。祖父谢志加赠昭勇将军指挥使司指挥使。祖母马氏加赠淑人。父谢与赠昭勇将军指挥使司指挥使。母李氏赠淑人。妻李氏封淑人。"
20,哈勤努特爾祖母贈氏,三月初,順治,,,,"天承運
於群
日
彰
於大
本
有
臻之
自
夫拜
中
0
京
胎
大
政大
布
牙
上
男
命
裕孫
誥
之
垂
渥
之典
祖
徳用
邀
崇
綸
奕祚佩
之
新
再世承
酬示
勸
功
代
後
於
懋
公
先
及
勤
於
他
追
母
宜
王
諾
級
喇
番
擺
京
童
甲
人哈
勤努特
爾祖母贈
氏
井
昆念兹稱
慈謀裕及
錫褒儀之
贵
用昭種
由
壹
覃恩贈爾爲夫人
德
之勤兹
以
迎其家
壹
勞旣殫先
融益開來緒永期
賁
國
章
昌
賛用
隆庥
順治土
年三月初"
21,何廷禄,乾隆三十六年十一月二十五日,乾隆,,,,"奉天諸
天承運
皇帝制曰沛酬庸之慶典茂對皇麻
弘錫類之殊榮曲成臣孝爾何崇
仁乃欽天監中官正加一級何廷
禄之祖父箕裘錯逺詩信聲宏詒
厥孫謀樹芳規於珂里䋲其旗武
卷茂績於彤𢌜兹以𫟛思貤贈爾
為奉有大夫欽天監中官正錫之
誥命於戲開堂構以弘基徳鍾家
塵沛絲綸而錫器澤渥泉臺

制曰德門新慶淵源早谿夫孫謀盛
世推恩綸綍載揚夫母範爾沈氏
功欲天監中審正加一級何祿
之祖母髙門毓徳華閥傳芳有榖
貽孫頼同心於内助天由命表
異数於中閨兹以𫟛恩馳贈為
宜人於戲光生褕翟常昭彤管之
輝德嫓珩璜永著嶽#之色

乾隆三十六年十一月二十五日
何廷禄"
22,何廷禄,乾隆三十六年十一月二十五日,乾隆,,,,"奉天造
天承運
皇帝制曰沛酬庸之慶典茂對皇麻
弘錫類之殊榮曲成臣孝爾何崇
仁乃欽天監中官正加一級何廷
禄之祖父箕裘錯逺詩禮聲宏詒
孫謀樹芳規於珂里䋲其武
卷茂績於彤𢌜兹以𫟛思貤贈爾
為奉有大夫欽天監求官正錫之
誥命於戲開堂構以弘基徳鍾家
沛絲綸而錫器澤渥泉臺

制曰德門新慶淵源早夫孫謀盛
世推恩綸綍載揚夫母範爾沈氏
欲天監中正加一級何逢祿
之祖母髙門毓德華傳芳有榖
貽孫頼同心於内助目天申命表
其數於中閨慈以覃恩馳贈為
宜人於戲光生褕翟常昭彤管之
輝徳嫓珩璜永著嶽#之色

乾隆三十六年十一月二十五日
何廷禄"
23,吴廷运,光绪十五年二月十七日,光绪,和州直隶州、安徽,安徽,朝议大夫（四品）,"知府前和州直隸州知州运化父視躬湻厚垂訓端嚴，可開先式穀乃宣猷之本澤啟後貽謀裕作牧之方。茲以覃恩贈爾為朝議大夫，錫之誥命。於戲！克承清白之風，嘉莊報政；用慰顯揚之志，昭乃遺謨。

制曰：朝廷重民社之司，功推循吏；臣子懷水淵之操，敎本慈幃。爾李氏迺花翎安徽候補知府前和州直隸州知州吳廷選之母，淑慎其儀，柔嘉維則，宣訓詞於朝夕，不忘育子之勤；集慶澤於門閭，式被自天之寵。兹以覃恩贈爾為恭人。於戲！仰酬顧復之恩，勉思撫字；載焕煞綸之色，允賁幽潛。

花翎安候補知府前和州直隸州知州吳廷運之父母。

光緒拾伍年贰月拾柒日。"
24,李春、孙氏,康熈三十六年七月十九日,康熙,,,一品,"逮義問彌彰。爾李春乃工部左侍郎加三級李元振之祖父。作室基先。開祥裕後。一經代授。𫝊家澤衍。宗兆叶糜。爵階崇兹。以單恩贈爾。錫之誥命。於戲。良臣懋績。實承舊德之光。大父蒙恩。丕煥新綸之采。式承休渥。庶慰顯揚。

制曰。職崇朝宁。嘉丕績於良臣。澤沛綸章。推鴻慈於大母。重闌錫慶。累世承麻。爾工部左侍郎加三級李元振祖母孫氏。軌儀爛習。風範洲嘉。主饋冝家。唘再傅之令緒。含飴裕後。邀三錫之寵光。唘佑有原。恩施冝沛。兹以覃恩。贈爾為一品夫人。於戲。芳規未邈。尚貽昌大於方来。寵責仍加。庶保昭融於罔斁。用酬毋訓。永荷王綸。

康熈三十六年七月十九日。"
25,余朝贵,,,湖北,湖北,,"嘉之勞蔚起門
風用表庭闈之訓爾
余良友迺提督銜記名
簡放總兵統帶湖北鼎
字營勝勇巴圖魯余朝
貴之父義方啟後穀
似光前積善在躬樹
良型於弓冶克家有
子拓令緒於韜鈴茲
以覃恩封爾為振威
將軍錫之誥命於戲
錫策府之徽章洊承
恩澤荷天家之庥命
增耀門閭"
26,,,,周州,,,"奉
天承運
皇帝制曰功隆賞懋式宏
魔
晉商為
大是
郎右侍郎兼管位
穀用
周州
0
母
5)
保
世
於
揚
之
光"
27,杨士奇、王氏,永樂六年六月十三日,永乐,,,一品,道可宗禔躬而嚬化，仁風丰骨多竒。笑必嚴操家而識邂逅異人而卜，雜不輟事姑能孝慧心先覺遷移子。乞天焚午夜之香，姓以從儒古人其相夫以勤視旦謹殆庶幾異世若可明星之弋鎮日門。奉天许地，多侠烈腆客殿想見留兹餘慶裕中宵聲荅吾伊鳴爾來昆睠乃版車機乹乹聞孫崛起之勲實維淵源之永樂六年六月十三日。已徵留硯之功儷達荣顯三廟恩沛祖追崇可後垂綸九京是用贈爾為奉光禄大夫太子太之澤是用贈爾為天承運一品夫人為聲廟保工部尚書都皇帝制曰崧髙維嶽降察院右副都御史并隆烝異之儀神自鼻祖巴然山服寵泉臺益篤純洪庥肇百世之禋熙之祐下出泉濬𭛁至耳煥蒿原而起色慶孫始大遡厥貽謀緒食于秋之報錫之自慰兹繩武之芝蘭以增華思有問必先無德制曰先宗介祉百年不報爾楊士竒乃蔚起元臣聿初推恩四世光馳曾妣總理河道提督軍既引雲仍于勿替務太子太保工部宜中天春千重新尚書𠔥都察院右十三日典儲顯庸義存廣副都御史楊貴文厲爾王氏乃總理之曾祖父願然長河道提督軍务太子者蔚爾先民持身在孝弟力田之科兼都察院右副都人推祭酒善俗立御史楊士竒之曾祖母女圖母越婦伏臘农冠之社里
28,楊增新,中華民國二年三月二十三日,,新疆,新疆維吾爾自治區,一等伯爵,"大總統令
夫酬庸之典國有
常經高爵右族齊
民之表率也意嚮
所趨衆庶化之加
將軍銜新疆巡按
使楊增新贊共和
勤勤懋明大義著
本大總統依臨時
約法第三十九條
特加封一等伯爵
督理新疆軍務以
嘉乃功其務率先
爾屬益勵忠勤以
楊休烈敬之無怠
中華民國二年三月二十三日
之玺"
29,章倫雅,雍正十年八月初二日,雍正,雲南,云南,五品,奉天承运皇帝制曰：铜符分绾，心资保障之功；白刃樱锋，益凛纲常之义。尔试用州同章伦雅，檀才能，克宣慈惠，抚绥有要，常深疾痛在己之心；忠义为怀，克伸慷慨捐躯之节。兹以特恩，加赠尔为奉直大夫、云南知州，锡之制曰：良臣宣力于外，效厥勤劳；贤媛襄职于中，膺兹宠锡。尔樱锋之妻嬴氏，终温且惠，缟从夫克替素丝之节；苹蘩主馈，爰流彤管之辉。兹以覃恩，封尔为恭人。于戏！敬尔有官，著肃雍而并美；职思其内，昭淑慎之尚扬。淑问于无穷，制福。雍正十年八月初二日。
30,曹提,中华民国二年二月十三日,,,,一等伯爵,"榮命
大總統令
夫酬庸之典國有
常經高爵右族齊
民之表率也意嚮
所趨衆庶化之虎
威将軍曹提贊共
和勤勩懋明大義
著本大總統依臨
時約法第三十九
條進封為一等伯
爵以嘉乃功其務
率先爾属益勵忠
勤以揚休烈敬之
無怠
中華民國二年二月十三日
之"
31,,顺治拾壹年玖月贰拾捌日,顺治,,,,"皇
天承
布
国内
今
刺
克万
兹
代
规
運
爾夫之宜
小
弘
錫
以
先績屡昭
家
發任
之
美烈贷收源
瓜
繼無
誥
恩不授敵戰
崇
A
何
C
将
0
0
臣
傳
0
任
廣
恩
服
惟
推
資政
加
承
勤
賊纍
今典
近
大
赏
克
有
誠覺華
阿
良
合德延申再命用彰黽勉同
於
夫人於
覃恩卦爾
心兹
内則是光垂光發扵
史
令儀名忒宜加毖於深閨尚
柔啟永以財寵命
顺治拾壹年玖月贰拾捌日"
32,耀年,光绪五年闰三月初日,光绪,镶黄旗蒙古,,光禄大夫,"天承運
皇帝制日華清資啟佑
必原於嚴父令儀碩望
蕃昌聿振於石門爰煥
國恩用彰家訓闕惠麟
迺兵部左侍郎加六級
鑲黄旗蒙古别都統耀
年之父操修酷粹唘迪
勤劬儒席傳珍琢就圭
璋之噐良材肯構蔚為
臺閣之英門祚方新寵
章洊被茲以覃恩贈爾
為光祿大夫錫之誥命
於戲承家有子聿昭孝
治之風被命自天用作
義方之勸式承茂奬追
念德音
制曰推恩潮本爰錫慶於
親兰禀訓入官並歸功
於母教式頒渥典用播
左侍郎加六攘
稱蒙古
朝都統耀年之
母順以承夫勤於謙子
宅能三夙成幕
徽音
加
1
光緒伍年閏叁月初日"
33,陈百胜,顺治十四年三月二十日,顺治,,,,"奉天承运皇帝制曰：兴孝维君，锡类弘昭报本；教忠自木家。尔赠承父服官，敬用分得拨什级陈百胜库陈福堕，乃分得拨什库加道在提躬，爰被丝纶之重；志存室大堂构之遗。兹以单恩，赠尔为奉政加一役，得分得拨什命。于戏！恩逮所生，弥表象贒之美；荣施下壤，益彰燕制。

曰：䟽恩将母，弘推锡类之仁；移孝作忠，均尔分得操什亷和切显之一级陈百胜母，赠安人纪氏。爱子能劳，笃义方于杼风；夫克顺端福于闺闇。兹以尔为宜人。于戏！象服昭荣，聿荷廷之宠；熊丸遗教流泉壤之辉。

顺治十四年三月二十日"
34,渣侵,雍正四年七月十二日,雍正,,,,皇帝制曰：朕惟尚德崇功，國家之大典；輸忠盡職，臣子之常經。古聖帝明王，戡亂以武，致治以文。朕欽承徃制，甄進賢能，特設文武勳階，以彰激勸。受玆任者，必忠以立身，仁以撫衆，智以察微，防姦禦侮，機無暇時。能此則榮及前人，福延後嗣，而身家永康矣。敬之勿怠。因腿殘疾觧邀将恩詔所得之官稍去餘剥三等阿庭哈哈番，與親男渣侵替襲世襲同替如前。雍正四年七月十二日。
35,王弘道,雍正十三年九月初三日,雍正,直隶天津府沧州,天津,徵仕郎,"奉天承运皇帝制曰：锡类推恩，朝廷之大典；奉公画职，臣子之常经。尔署直隶天津府沧州州判王弘道，赋质纯良，持身恪谨。伫服官之奏绩，先报国以抒诚。愧恂克昭，新纶宜贲。兹以单恩，授尔为徵仕郎，锡之敕命。于戏！弘敷章服之荣，用励靖共之谊。钦兹宠命，懋乃嘉猷。

制曰：恪恭报国，良臣既殚厥心；贞顺宜家，淑女爰从其贵。尔署直隶天津府沧州州判王弘道之妻张氏，舍章协德，令仪夙著于闺；黾勉同心，内治相成于夙夜。兹以单恩，赠尔为孺人。于戏！龙章载滇，用褒敬戒之勤；翟茀钦承，永作泉原之贲。

雍正十三年九月初三日"
36,甘運濬,乾隆三十六年十一月二十五日,乾隆,,,九品,奉天承运皇帝制曰：义重国书，期示同文之盛；职司册府，尚需襄事之劳。尔通政司九品笔帖式加一级甘运濬，进学维勤，临文克慎，寄专翰墨，鲁无掣肘之忧；才任趋跄，颇竭在公之力。兹以覃恩，授尔为修职佐郎，锡之敕命。於戏！荣兹庆典，益肆力于簿书；励乃官方，永承庥于纶綍。乾隆三十六年十一月二十五日。甘运濬。
37,安泰,乾隆十六年十一月二十五日,乾隆,遊牧处查哈爾,,承德郎（正六品）,"奉天承運皇帝制曰：分承庻務，敬曺皆宣力之臣；式式新綸，騎省有邀榮之典。爾遊收𠁅查吟爾理事官安泰，持躬風慎，涖事惟勤。充任使於尚方，典司無曠；殚勤勞於内府，寵錫宜膺。兹以覃恩，授爾為承德郎，錫之勑命。於戲！夙夜在公，克毖趨蹌之職；絲論逮下，聿酬奔奏之庸。用獎前勞，勉圖後效。

制曰：勤宣聲績，聿徵服采之才；茂著規型，式獎同心之嫩。爾遊牧处查哈爾理事官安泰之妻紅氏，夙諳内則，作配名門。訓典嫻明，元協珩璜之度；禮儀純脩，克彰蘋落之風。兹以覃恩，封爾為安人。於戲！荷天寵以𣴑芳，魚軒煥来；被國恩而永譽，象服增榮。

乾隆十六年十一月二十五日。"
38,佛尔果春,道光二十七年十二月十七日,道光,,,,奉天承运皇帝制曰：朕惟尚德崇功，国家之大典；输忠尽职，臣子之常经。古圣帝明王，戡乱以武，致治以文。朕钦承往制，甄进贤能，特设文武勋阶，以彰激劝。受兹任者，必忠以立身，仁以抚众，智以察微，防奸御侮，机无时能。此则荣及前人，福延后嗣，而身家永康矣。敬之勿怠。阿克达春病故，将伊胞叔祖哲林之孙佛尔果春仍承袭骑都尉，世袭罔替。道光二十七年十二月十七日。
39,张九秉,光绪十六年三月十二日,光绪,,,,"惠撫綏有妄深疾痛在已之以懐保
無窮不忘顧後斯民之責故以覃恩授
爾為拳政大夫錫之誥命於戲前已
茂用褒製錦之能來軫方猷益勵飲水
亂甲良巨冝力於外疫勞後截
於中龍花同知秩西同
剛知更之妻曰氏終意
離而孝編從夫克稽素之曜
潔主錯爰恭形管之輝茲以覃恩
為宜人於戲敬爾有官著事雍兩並其
職思其内尚黽勉以同心
光緒歲拾陸年叁月拾貳日
張九秉下安"
40,孙祖瑛,光绪四年十一月十三日,光绪,,,,"事精勤分雙旌五馬之榮
民六與凡之治能而克
靖勤滿以身特慶典逢康
宜品以克事眉
造天天賜之語命於我禍
知一器水滿之妻母氣和
昔青時之望主断後光
营之辉以雨天農王事封
丽為恭人於戲欲爾有官著
龜而至美藏思其肉尚飞起以
心
同知加𫞹
光緒肆年拾壹月拾叁日
孫祖瑛本身室"
41,寗守朴、张氏、赵氏,泰昌元年十二月,泰昌,,,五品（奉政大夫）、五品（宜人）,"德郎工部都水清吏司主事寗守朴乃工部都水清吏司郎中之父，乾乾君子，温温恭入，嗜書老以彌勤，與物祀而無校。階前謝樹，得于連枝；笥虗韋經，詒之采菽。遂啟通敏之彦，掌予䟽之而爾益從；退食之餘，無非敬事以昜。斯亦何殊于爾躬行者歟？兹用封爾為奉政大夫工部都水清吏司郎中。水虚而物必歸，善積而祥斯降。

制曰：水親而不尊，惟女徳象之。故孝子覩寒泉而嗟莫慰也。朕以閔綸慰之。爾贈安人張氏，乃工部都水清吏司郎中寗鑚之母，性秉温良，識明慧動而有則。詎嘗事乎詩書，誠以為求，何殊屬扵毛裹。譬農之於嵗，喜其穎秀而弗御其實秉也。爾子陟屺而愴然已，兹加贈爾為宜人，用賁如斧之封，以展合桮之慕。

制曰：庭除恩誼之際，詎不重㢤？薄則能令親䟽，篤則能令踈親。有母與子而俱以後於人稱也，可以観孝，亦可以知慈已。爾趙氏，乃工部都水清吏司郎中寗錯之繼母，作伉于喆，趾美惟賢。蕙質蘭心，秉令儀而有淑；鵲巢鳩有，能用愛以維均。同罔極之恩，無不報之德。年不天假，賜自君榮。兹贈爾為宜人，華綸照于背萱，清露霑夫宿草。

泰昌元年十二月。"
42,魏應嘉,天啓六年三月二十九日,天啓,河南汝寧府、山東莱州府、浙江布政使司,河南、山东、浙江,中大夫,"奉天承運皇帝制曰：朕惟月卿地峻，慎簡勲德以登庸；同伯任隆，用董忠良于僕御。謇諤之孤貞久著，夙夜之盡節特聞。式展國禧，丕昭顯績。爾太僕寺卿官京營少卿事魏應嘉，一代偉人，三朝峻望。司李平梁齊之憲，伏蒲振讜直之聲。議廟號而賛稱元，力定兩朝之大典；糾邊臣而嚴失律，識精外聞之先機。危言百折不回，純槩歷時彌勁。容臺晉秩，棘署升華。既典禮而明刑，乃前驅而左馭。淵塞直周於騑牝，雲錦成羣；庶蕃用壯乎貔貅，騎營増氣。㢘平簡質，稱兹近寺之羽儀；端亮公忠，想見諫臣之丰采。兹用覃恩，授爾階中大夫，錫之誥命。於戲！牧圉原軍國急需，誰課驪黄于斯作；營政爲京師設衛，允資騰實于既閑。矧戎馬未息郊關，而歲額半空坰野。爾其益攄精灼，盡畫便宜。拭看期月之宣猷，佇俟星辰之曳履。

𭃡任河南汝寧府推官，任山東莱州府推官，二任兵科給事中，三任刑科左給事中，四任刑科都給事中，五任浙江布政使司照磨所照磨，六任史科都給事，任太常寺註少卿，任大理寺添註右少卿職。

制曰：國崇碩望，槐階隆帶紱之榮；家利女貞，蘭壹重施衿之儷。故禦窮必思厥助，而處逸恒維其初。恩内外以並沾，寵沒存其均被。爾太僕寺卿管京營少卿事魏應嘉妻贈恭人吉氏，稟質柔貞，爲儀淑慎。克敬克孝，髙堂厪兎薨之羞；無遂無成，中饋庀蘋蘩之職。既篝燈而操作，亦解佩以勵脩。南國贒書，方奮昻霄之鵬翼；空閨静瑟，旋摧委露之苕華。惠問猶馨，芳儀可挹。玆以覃恩，贈爾爲淑人。綸綍頻頒乎懿號，淑靈增賁於玄扁。

制曰：名德登朝，卿貳佐股肱以幹國；淑媛佐閫，濡柔嗣貞嫕而齊徽。惟笄黛之有今儀，乃簪紳之多顯譽。寵兹彝典，用表化原。爾太僕寺卿管京營少卿事魏應嘉繼室封恭人賈氏，乃直𨽾髙郵衛指揮僉事賈賔賜之女。右族儲英，儒門儷德。婉娩謹尊章之奉，敬戒無違；悃樸調姊姒之和，肅雍維則。方對短檠於雪案，既儉凉而勤事織維；迨襄髙步於天衢，雖顯庸而無忘絺綌。蘭馨玉潔，緊維鳧雁之是宜；履正合章，且裨羔羊以垂範。玆以覃恩，封爾爲淑人。龍章洊錫，持昭閨閤之娛；象脈有輝，用表河山之度。

天啓六年三月二十九日"
43,王鐸,,,山東都司靖海衛、薊州等處邊備、順天等府,山東省、河北省、北京市,中憲大夫（正四品）,"奉天承運皇帝制曰：敦詩說禮，致身實本于教忠；安夏攘夷，邁種必推夫貽穀。宜展顯承之孝，用專賁錫之恩。爾原任山東都司靖海衛儒學教授，累贈中大夫山東布政司右政兼按察司僉事王鐸，乃整飭薊州等處邊備、廵撫順天等府地方都察院右僉都御史應豸之父。襟期髙朗，操履端凝。遜志索丘，髙德行文章之譽；秉心金玉，無孝弟忠信之科。萬石不言而躬行，太丘有道以儀世。絳帷表正，漸摩桃李之春；黄石書傅，變化盡風雲之秘。雖身甘于鴻𨼆，乃子和夫鶴鳴。丕勒𪔂𢑱，羡繁祉之有自；肇興帶礪，信霸氣之非虚。是用贈爾為中憲大夫、都察院右僉都御史。樹文武之猷，石室既銘其顯世；昭義方之報，玄扄永荷其承庥。

制曰：朕體臣寮顯親之心，則母縁子貴；敦伉儷從爵之義，則夫並婦榮。"
44,姜氏、周氏,崇禎元年七月十九日,崇禎,薊州、順天等府,天津、北京,,"貴敦伉儷從爵之義則夫並婦榮。報本惟隆馳恩宜亟爾累贈淑人姜氏，乃整薊州等處邊備兼廵撫順天等府地方都察院右僉都御史王應豸之前母，行遵女史德樹母儀，載肅載雍，克謹衿鞶之度；既齊既勑，允臧閨閤之儀。敬效佩環以相君子，業親絲枲以貽後昆。迺榮祿之未霑，悲令儀之遽邈。國恩有赫，姆範孔揚，是用贈爾為恭人，分宸綜以有榮，表幽阡而不朽。

制曰：名臣闕氣運而生，其致用必逺；人子畫尊親之孝，以逮養為榮。方荷天府，宜覃國慶。爾累封大淑人周氏，乃整薊州等處邊備兼廵撫順天等府地方都察院右僉都御史王應豸之母，姿凝淑氣，裔出璇源。言笑罕形，嘻罔聞于爾室；園箴叶度，婣親矜式于女宗。寒宵襄鉛槧之勞，機絲弗懈；中饋潔青精之奉，𪔂七克虔。佐樂育而李桃蔚彼門墻，昭義方而熊荻高其間閱。誕隆殊典，報厥窮根，是用封爾為太恭人。睠此象賢，永養堂之愛日；申其燕喜，嘉懿訓之可風。

崇禎元年七月十九日。"
45,胡嘉錫,嘉慶九年十二月初六日,嘉慶,緬甸軍營,,,奉天承運皇帝制曰：朕惟尚德崇功，國家之大典；輸忠盡職，臣子之常經。古聖帝明王，戡亂以武，致治以文。朕欽承徃制，甄進賢能，特設文武動階，以彰激勸。受兹任者，必忠以立身，仁以撫衆，智以察微，防姦禦侮，機無暇時。能此則榮及前人，福延後嗣，而身家永康矣。敬之勿怠。胡嘉錫爾祖胡邦祐，原任同知，乾隆三十三年緬甸軍營被害，欽奉特旨，賞給思騎尉與爾承襲，世襲罔替。嘉慶九年十二月初六日。
46,张所养,,,湖南、陕西、平凉,湖南、陕西、甘肃,,"奉天承运皇帝制曰：朕惟尚德崇功，国家之大典；输忠尽职，臣子之常经。古圣帝明王，戡乱以武，致治以文。朕钦承往制，甄进贤能，特设文武勋阶，以彰激劝。受兹任者，必忠以立身，仁以抚众，智以察微，防奸御侮，机无暇时。能此则荣及前人，福延后嗣，而身家永康矣。敬之勿怠。

后尔父张所养，出征湖南，在路口攻击贼孙可望马步贼时，带领本旗将对击败之。出征平定陕西，离平凉八里有逆贼王辅臣之子伪总兵王继祯等，率领马步贼万余，排齐挨牌炮铙鸟枪枪刀来犯击战。时带领翼兵将对敌击败之。以一等阿达哈哈番文一拖沙喇哈番，加一拖沙喇哈番，授为三等阿思哈尼哈番，世袭罔替如前。"
47,張氏,乾隆十六年十一月二十五日,乾隆,,,八品,"奉
大承運
最蠡
制
日
猷
服
朝
采
示之
原休報
两恩抒
酬
錫
推
部任命
庸
之典
府
石
品峯帖
加
級
指南愛
令德
修義方夙著
詩書啟後用彰式教
之風兮傳家
教忠之、
則茲以
雨為中
於戯篤生
錫
命
材功歸庭訓
把
梓
之
絲
制衣
凝燕
教
猷
國
宁
揚
兰雨原桥
休命於
知府石禮
之妻乃
刑部八品筆帖式加
南之嫡
母
張氏勤慎宜家賢明
珩相
訓後
璜夫
以
顺
成内
含
鞠
子
有
以
晋
封
為
太
兹爾
之蔡
人
於
食今
施
劬
勞之報慶典攸隆
乾隆十六年十一月二十五日"
48,宋得勝,,,福建汀州,福建,一品,"軍而秦精采甄世德湖
四世以推功精慶有餘
流光自遠宋貴迺花
翎記各技督福建汀州
總兵擎身巳國魯宋
得勝之曾祖父仁心
質善氣儲祥丕建乃家
允肇弓冶於奕葉克昌
厥後誕膺節鉞於高門
爰意徽章𠈷揚令問茲
以覃恩贈爾為鎮威将
軍錫之誥命於戲簪纓
赫奕式隆一品之殊榮
綸誥輝煌用慰九原之
夙志祇承寵命長播休聲

制曰徳門積善衍餘慶於
後人幕府策動錫殊恩
於先世家聲克大壺範
竒才於聞外爰頒懋典
𠈷闡微音茲以覃恩贈
丽為一品夫人於戲涣
汗誕敷用描深遐之澤
湛恩徧灑益揚賢淑之
名顯命丕承幽光九童"
49,张泰,正德四年九月二十,正德,,,左侍郎,"新命兹特封為刑部尚書諡文毅。
鸣呼穹秩荣名，盖一时之盛典；英声茂实，庶百世以长存。
奉天诰命。
良臣懋绩，既增旧德之光。
奉天承运皇帝制曰：朝廷待士之恩，莫重于褒；人子报亲之志，无间于存亡。苟非其人，亦不轻畀。
故刑部左侍郎张泰，性资敦茂，问学闳深。擢秀甲科，历官郎署。典铨衡之岁月十更，厉清修之节始终一致。持身俭约，有唐杨绾之风；识鉴明著，晋山涛之誉。进银台而物论允惬，佐冬卿而留务克谐。顾柄用之有期，胡括人之迁殞。厥施未竟，良可悼伤。轸念旧劳，宜加。"
50,呂天民之父母,同治拾叁年陸月貳拾玖日,同治,福建,福建,,"奉
天水運
皇帝制曰夙夜宣勞事君資
經於事父云布澤教者
以思特賁絲織用光闊
閲爾區席功過布政使徵
加一級福建候補道區
民之父操修篤寳難範嚴
明術在書克唘趨庭
訓業發堂構實作室之
模爾子克襄王事
爾為資政以夫錫之誥
此下際人論
盛美興
曰家聲
替椿蘭
風雅範且以子克
水嘉氣音明
布政使物查假福建補道
同治拾叁年陸月貳拾玖日
呂天民之父母"
51,张天机、韩氏、惠氏,崇祯八年九月十五日,崇祯,陕西西安府渭南县,陕西,,"天承運
皇帝初曰國家内外惟民人安惟諸道
艮有司耳其當賊氛充斥南特
能以撫字聞寕無璽書旌之以為牧長
勸爾陕西西安府消南張天機淵識
内澄長才迅𤼵大廷俊巖邑分乃
勤勵戴星惠宣愛日逢敕風扵
署著兴蔭傳於黌宮酒捕素周以輯一
良而即以輯暴能科有則不病固而亦
不病民化畢洽於一同允孚於木謝
兹以考績授匪階文林即錫之剌命昔
當征賦殷煩輒思得元結十數輩錯諸
今雍州驛騷甚矣奠之安袵策於何舒且若
張暨令新豐治推輔苐一者非亦渭南舊治
也耶爾尚益厥心以服朕命猶需顯陟爾
敕曰人臣旬宣百里俾四封婦子熈寧追厥壹耶
始必有可嘉者矣即其身弗克建而國典
䟽榮獨可令幽芳長寂乎爾陜西西安府
南縣知縣張天機妻韓氏婦訓無慾問儀
淑桃李位讀績繰長伴於藝檠佩承尊
髓弛於荆布舊勞未冺新寵宜頒须茲贈
爲孺人黎泥崇煥乎麻光玄室永延其令舉
敕曰凡開國承家後者逸然人知後之逸也
而抑知善成之難乎斯考閨懿者与肅官常
者同視其令終爾矣爾陜西面安府渭南縣知
縣張天機繼妻惠氏碩儀不忒順正無違乹
機聲勤質凝塵之暑重縞影莊依結綬之班
藉爾幃薄之清脩最我絲之令聞兹封爾
為孺人式昭象服之華益毖夔私之儆
平军
崇禎八年九月十五日"
52,塔斯哈,光緒贰拾年,光绪,新疆、哈什噶尔,新疆,正一品,奉天水運皇帝制曰：功隆贊化，頒爵賞於元寮。教始貽謀，遡恩勤於大父。鴻猷益炳，寵渥仍加。爾原任都統哈什噶爾辦事大臣，督辦新疆軍務，諡莊，入祀昭忠祠塔斯哈，迺經筵講官，太子太保，文華殿大學士，管理頭品頂戴，賞戴雙眼花翎，賞穿黃馬褂，賞用紫韁，賞穿帶懸詔補，賞坐二人肩輿，軍機大臣，貂桂賞坐。臣文淵閣領閣事，鎮紅大夫，錫之誥命。之克紹黃，而有俶慶流。保文華殿大學士，户部事務，頭品頂戴，雙眼花翎，賞穿黃馬褂，賞用紫韁，賞穿帶懸詔補，賞坐二人肩輿，軍機大臣，政務處大臣，文淵閣領關事，鑲紅旗滿洲都統，管理新舊營房事務，閲兵大臣，内大臣，稽察欽奉論事仟處，總理行營事務大臣，崇文門副監督，世襲騎都尉加一雲騎尉榮祿之祖母，幽閒成性，柔順凝祥，懿德丕聞，開有家之令稽，芳儀夙著，裕經國之良材。惠悶下流，榮恩上建，鸞函式賁，象服攸宜。茲以覃恩，贈爾為正一品夫人。於戲！蠶績辛勤，用裕然綸之業；濯衣璀璨，爰昭珩瑀之光。襄子時化，佑爾後人。光緒贰拾年。
53,经笑讲官太子太保文羊殿大学士管理只部事子头品顶戴赏戴双眼花二人肩与泽大臣内大臣稽察钦奉王事处理营事务大臣崇文门盟督世袭都𠛴加一云贤荣禄之正室佳氏,光緒貳拾捌年染月拾柒月,光绪,,,正一品,"天承運
皇帝制曰職在鈞衡元宰
凡樹中朝之望中其家室
良臣資内助之賢式福
微音茂膺寵錫爾經笑
講官太子太保文羊殿
大學士管理只部事子
頭品頂戴賞戴雙眼花
二人肩與澤
大臣内太臣稽察欽奉
王事處理營
事務大臣崇文門盟
督世襲都𠛴加一雲
賢榮禄之正室佳
氏柔嘉維則淑慎其儀
言采蘋主饋佐和羹
之節克勤絲枲相夫成
補衮之
配德於台
司表休聲於壺則崇褒
用逮懿軌斯揚茲以欽奉
懿旨加恩賞給正一品封曲制
爾為正一品夫人錫
之誥命於戲象眠是
宜聿著温恭之範龍
章載賁彌敷雍肅之
風特沛恩施用光令
光緒貳拾捌年染月拾柒月"
54,长夀、荣禄之母、颜札氏,光绪二十六年春月十二,光绪,甘肃凉州,甘肃,正一品,"奉天承运皇帝制曰：奋庸熙载，经纶阐报国之忱；锡类贻谋，诗礼识趋庭之教。象贤昭于堂构，巽命及乎台垣。尔原任甘肃凉州镇总兵赐提督谥勤勇长夀，乃经筵讲官太子太保文华殿大学士管理户部事务头品顶戴赏戴双眼花翎赏穿黄马褂赏用紫缰赏穿带縢貂褂赏坐二人肩舆军机大臣政务处大臣文渊阁领阁事镶红旗满洲都统管理新旧营房事务阅兵大臣内大臣稽察钦奉上谕事件处总理行营事务大臣崇文门副监督世袭骑都尉加一云骑尉荣禄之母。德风闻芳型，早著义方式谷，聿生隆海头品顶戴赏肃眼稠古名马社赏用紫当穿带臆难人肩与军武臣政务处大领事镇红旗满洲都统管理新旧营房事务阅兵大臣内大臣稽察钦奉上谕事件处总理行营事务大臣崇文门副监督世袭骑都尉加一云骑尉荣禄之母。多名门归于华关，劳龙开和益或鼎之勋，实不忘勤补衰行机结宜选以播休声庆典。施爰逮兹以覃恩，赠尔为正一品夫人。岁大锡类于所生，酬庸黄阁于自出，沛泽紫泥用佐鸿麻口忘令。

制曰：懿范聿彰，教始成于令子；恩广被庆，并锡于慈帏。休渥洊膺，贤明益著。尔颜札氏，乃经筵讲官太子太保文华殿大学士管理户部事务头品顶戴常双眼花翎赏穿黄马褂赏用紫缰赏穿带縢貂褂赏坐二人肩舆军机大臣政务处大臣文渊阁领阁事镶红旗满洲都统管理新旧营房事务阅兵大臣内大臣稽察钦奉上谕事件处总理行营事务大臣崇文门副监督世袭骑都尉加一云骑尉荣禄之继母。毓英华阁，作配高门，宜家多静好之风，育子有均平之德。夙昭慈训，储良器于卿材；克媲前徽，著芳型于妇职。特颁荣赉，俾示显扬。兹以覃恩，赠尔为正一品夫人。于戏纶扉申宠，载瞻翟第之荣；兰阃流馨，懋晋龙章之锡。承兹庆典，劭尔芳规。

光绪二十六年春月十二。"
55,荣禄,光绪拾陆年拾贰月,光绪,镶红旗满洲都统管理新旧营房事务,北京,正一品,"奉天承运皇帝制曰：翼亮天工，象协三台之列；宏敷帝载，位居庶职之先。惟懋丕绩以酬庸，乃沛新纶而锡爵。尔经筵讲官、太子太保、文华殿大学士、管理户部事务、头品顶戴、赏戴双眼花翎、赏穿黄马褂、常用紫缰、赏戴貂褂、赏坐二人肩舆、军机大臣、政务处大臣、文渊阁领阁事、镶红旗满洲都统、管理新旧营房事务、练兵大臣、内大臣、稽察钦奉上谕事件处、总理行营事务大臣、崇文门副监督、世袭骑都尉加一云骑尉荣禄，凤抱才猷，雅望典章，钟达寅恭，器宇凝图，时资靖献。庸在讦谟之地，机务攸司，翼赞有恒，期庶绩之咸熙。兹以覃恩，赠尔为正一品夫人。于戏！象服是宜，聿著温恭之节；龙章载焕，弥昭肃雍之风。祗服荣恩，昭兹令善。

制曰：作朕股肱，良臣矢靖共之谊；釐尔士女，令妻昭淑慎之仪。休命用申，徽音载锡。尔经筵讲官、太子太保、文华殿大学士、管理户部事务、头品顶戴、赏戴双眼花翎、赏穿黄马褂、常用紫缰、赏戴貂褂、赏坐二人肩舆、军机大臣、政务处大臣、文渊阁领阁事、镶红旗满洲都统、管理新旧营房事务、练兵大臣、内大臣、稽察钦奉上谕事件处、总理行营事务大臣、崇文门副监督、世袭骑都尉加一云骑尉荣禄之继妻爱新觉罗氏，肃雍成性，贞顺宜家，处贵而勤，克谨从夫之训；执柔以正，允推继室之贤。既分德之不宣，宜荣名之是爰。加象服，式睹龙光。兹以覃恩，赠尔为正一品夫人。于戏！珩璜继美，洵彰壶范之徽；纶綍载膺，聿荷朝章之宠。钦承庆泽，益懋芳声。

光绪拾陆年拾贰月。"
56,冯子宜,天启六年十月,天启,,,一品,奉天承运，皇帝制曰：国有上卿，功隆师保，家惟岩父，谋裕箕衷。理怕挹注以相孚，报自追崇而不矣。是用加赠尔为光禄大夫、太子太保、兵部尚书，极勋阶于夏者。用伸未竟之猷，诰命藁四册。吾友曹岚樵侍御宗瀚得自都门，话载扬验命尔累赠资政大夫、兵部尚书冯子宜，乃太子太保。惟未识冯宫保为何时人，不敢臆断。后阅明史知冯公于天启六年还自戎事，为大司马。十月加太子太保，十一月加太子太傅，明年三月加太子太师。此册当为天启六年十月书，正香光宗伯在官之时也。复审视之，洵非思翁不能作，乃重装标遂。道光十三年戊午，哉生明杏君钱侍宸注雨。累赠夫人黄氏，乃太子太保、兵部尚书会之母。慈善得天，安贞象地，婉愉养志。鸿之志卞璞未酬，式开非需之占韦经有董宗伯真迹锦封山庄藏。
57,陆汝髓,丰拾壹年拾月初玖日,,云南,云南,朝议大夫,"制日考庸特重
興官資數書至和
松爾陸錫户部雲
主事加三級陸汝髓之父世
擅清門代擅素業家風
垂弓冶之良庭訓方嚴
詩書凡今緒兹以孽恩贈
為朝議大夫錫之誥命於戲
薄篆全而示悔世澤常延錫
帶以加祭天休弗替

制曰官學方成讀父書而繼業
愛勞交備稟母訓以揭名爾
民户當向司事加
三級陸汝髓之母見芳型
尤多慈教著承筐之雕範早
果見克家有子兹以覃恩贈
爾為恭人於戲臺灑潤爰
推顧復之恩彩瞿流芳允荷
寵綏之典

却云南司主事
豐拾壹年拾月初玖日
加陸汝黼之父母"
58,,,,沿河口,,,"天衣運
皇帝
丹霄沛
日
者姑謀之善爾
紫
誥
延
恩
弥着
標沿河口都司
直
督
零
級
之祖父
裕後啟休聲於夹葉
勤
樹嘉於再傅翰承
恩贈爾爲明時
覃
河口都司念書
督
直
標沿
命於戲衍家門
加一
級
誥
之
慶欣被
林榮
懋閥聞之宏
猷永膺茂典
制曰播榮施於百職積慶
有由遡
於重閏
周替爾
沿河口都司僉書加一級
督標
母劉氏
内則
長到頭風着庭開之
綍實鐘家世之祥
戲扬彤
為恭
芳街
龍永賁泉"
59,郭爾池、鄒氏、王氏,萬曆四十二年九月二十七日,萬曆,直隸廣平府清河縣,河北,七品（文林郎）,"奉天承運皇帝𠡠曰：朕念畿輔諸郡邑拱護神京，慎選宰牧，要在鬯宣徳澤，子惠元元。其有能稱指者，何愛璽書褒異之也。爾直隸廣平府清河縣知縣郭爾池，敏識宏材，亮衷偉度，公車發跡，圻邑分符，而能砥節奉公，推誠集事，釐弊洞矚幽隱，庭絶織塵，軫民每切病瘳，人游化國，真心惠政，列在程書。兹授爾階文林郎，錫之勑命。夫明主用人，勸近以風遠；良臣祗職，虔始而厚終。爾既以理行聞，益思毖勉，勿替朕命，嗣有明陟，欽哉。

勑曰：婦徳不踰閫閾，而九原㝠漠，獲有餘榮，則以下帷居約，今昔異感，爰藉如綸之寵，以紓斷袿之悲。爾直隸廣平府清河縣知縣郭爾池妻鄒氏，清心玉映，慧質桃宜，義合椒蘭，佐讀留夜篝之火，聲諧琚瑀，勸學存手緯之機，遺恨無年，乗芬有淑。兹用贈爾為孺人，恩耀黄爐，譽彰彤管。

勑曰：昔宓子鳴琴治邑，朕甞嘉慕之，推其内政，詩人靜好之歌，可想見已。兹褒命所宜逮也。爾直隸廣平府清河縣知縣郭爾池繼室王氏，度洽靜貞，性鍾若淑，修燕儀扵中，間蘋藻楊芬，勤難儆扵宦途，緘綵佐潔，睠此花封之績，宜疏芝閣之榮。是用封爾為孺人，祗承寵之自天，益交修扵視夜。

萬曆四十二年九月二十七日"
60,綽爾和,康熈四十二年三月十八日,康熙,,,八品,奉天承運皇帝制曰：義重國書，期示同文之盛；職司冊府，尚需襄事之勞。爾稽鼓八品筆帖式綽爾和，進學維勤，臨文克慎，寄專翰墨，魯無掣肘之憂；才任趨蹌，頗竭在公之力。茲以覃恩，授爾為修職郎，錫之勅命。於戲！榮兹慶典，益肆力於簿書；勵乃官方，永取休於綸綍。初任今職。敕命康熈四十二年三月十八日。
61,温氏,咸丰拾壹年拾贰月初日,咸丰,,,,"命於戲
大夫
美以相濟
曰家有孝慈之外
制
而成國骨襄錫之文恩以益
推而厚爾温氏逆前任户韶
李守愚之叔母
郎中加二
後一堂環
德可相夫教
珮和音克著其慈祥五夜機
内治聿昭其柔順兹以覃
恩聽贈爾為恭人於戲普一
體之榮施鸞章貴采表同心
於訓迪象服分光
前任户部郎中
咸豐拾壹年拾貳月初日
如貳級李守逺之教父母"
62,孔憲灋、张氏,光绪十二年七月二十日,光绪,,,七品（文林郎）,"奉天承运皇帝制曰：求治在亲民之吏端重循良，教忠励资敬之忱聿隆褒奖。尔孔憲灋乃知县孔庆惠之父，禔躬厚垂训端严，业可开先式谷乃宣猷之本，泽堪启后贻谋裕作牧之方。兹以尔子遵例急公，封尔为文林郎，锡之敕命。于戏！克承清白之风，嘉兹报政用慰显扬之志，畀以殊荣。

制曰：朝廷重民社之司功推循吏，臣子凛冰渊之操教本慈帏。尔张氏乃知县孔庆惠之母，淑慎其仪柔嘉难则，宣训词于朝夕不忘育子之勤，集庆泽于门闾式被自天之宠。兹以尔子遵例急公，封尔为孺人。于戏！仰酬顾复之恩，勉思抚字载焕丝纶之色，用慰劬劳。

光绪十二年七月二十日
孔庆惠之父母"
63,侯會司,,,,,武显将军,"制曰：

思一水追崇侯以樑，迺二等侍卫加三级侯會司之曾祖父。
徳务滋发祥有自，敦诗说礼，克垂樽爼之猷；勇战敬官，早裕熊罷之畧。
兹以覃恩，貤封尔为武显将军，锡之诰命。

于则湖于心，功有多出，加悪不忘。
龙秩尚克钦承，淑慎启英业凝，懿则昭垂逝芳型而锡。
爰申嘉命，用表慈徵。

尔氏迺二等侍卫加三级之会同侯，範著仪宜。
其家夙能裕后，集珩璜之昭，礼法之以业恩听。
仪兹賁戏紫给，尔为夫去宠惟能。
厯世而寖昌，彤管辉使而嫓美光前。
用承优渥，世席隆麻。"
64,多瑛,嘉慶贰拾肆年正月初壹日,嘉慶,,,,奉天承運皇帝制曰：禁地深嚴，嘉官貴絕朝章。烏奕清一，承寵鎮来。内閣侍讀加大瑛，循職惟勤，飭躬有檢。趨承密勿，矢风夜之宝恭；討論巖廊，掌絲綸之涣。茲以覃授爾為乹諾大夫，鍋之誥命。於戲！念茲習之以褒嘉渥，益勵情能。敬承谷宣聲績，聿服著規型式獎園诗讀。妻愛仁覺羅氏，風諸則，作配名門，訓與明九珩琰之克彰，蘋藻之風。茲以覃恩封雨為恭人。於戲！荷天寵以流芳，魚軒焕采；被國恩而錫譽，象服增榮。内閣侍讀嘉慶贰拾肆年正月初壹日加叁級多瑛。
65,傅逹礼,顺治十六年八月十八日,顺治,,,一等侍卫,奉天承运皇帝制曰：环周庐而屯式维虎臣，随万乘而加士。恪勤既著，衰其宜超壮志。卫傅逹礼而先七拔萃宿群英。校头聆风生奔走以六飞，驱驰电发，出入弥彰其敬慎，始终弗懈于趋跄。爱沛新恩，用酬成绩。兹以议大夫锡之造命于御，俨干城之寄。尚期耀德宣威，朝𢌜焕纶綍之荣。勿忘励忠报国，敬承朕命，永保天休。臣忠报国，戎㫋著扬武之功。妇顺宜家，誉命表同心之助。雨一等侍卫傅逹礼之妻佟佳氏，终温且惠，已贵而勤。顺以相夫，克佐贤芳于风夜；敬能聚益，徳彰静好于闺幃。庆典式逢，朝章宜贲。兹以覃恩，封尔为人。于戏扬令范于紫泥，礼宗擅誉；播芳㽔于彤管，内则杨休。顺治十六年八月十八日足生魁。
66,张用仪之胞叔,,,,,朝议大夫,"天承運
皇帝制口駕靖共入官必
資於敬功𡚖誨廸猶子亦
教以忠爰沛國恩用播家
訓肅熙賜迺光禄寺署
正和四級用儀之胞叔
躬修士行代故儒風抱璞
自珍克發跬璋之秀儲材
足用聿彰杞梓之良茲以
覃恩馳贈爾為朝議大夫
錫之誥命於戲昭令問於
經藏書貽刻鵠佩徽章於
策府寵賁迴鸞茂典丕
榮名益劭

制曰家有孝慈之範美以
濟而成國崇褒錫之文恩
以並而厚爾王氏迺光
寺署正加四級張用
脆叔母德可相夫教能放
後一堂環珮和音克著其
慈祥五夜機絲内治聿昭
其柔順茲以覃恩驰封爾
為恭人於戲傳一體之榮
施鸞章賁采表同心於訓
迪象服分光"
67,英,五十五年正月初一日,,,,通议大夫,"皇帝制曰：吾质策名，荣齐夫簪。克来缵绪，功必机乎箕裘。任佐领吉，乃内阁侍学士加三级英之父。道足躬谋，能裕送经。传诗礼青乡，扬奕叶之释庆；笃芝兰丹，綍天衢之泽。前感允懋，新典宜颁。兹以覃为赠尔为通议大夫，锡之诰命。于戏！被章服以增荣，聿显肯堂之绪；承丝论而无忝，永昭积庆之风。

制曰：教启义方，慈母克襄夫严父；荣闻闻君，见宜体乎子情。尔孙氏，乃内阁侍读学士加三经英之母。贞淑性成，欢柔道协。凤宣慈训，聿徽卓之材；义布徽音，用行炽昌之祚。丕昭令绪，特沛温纶。兹以覃恩，赠尔为淑人。于戏！龙章式贲，壶德著美于当时；象服钦承，遗范永光夫来叶。

五十五年正月初一日
英珉"
68,钱庆煜,咸丰六年六月二日,咸丰,浙江,浙江,四品,奉天承运皇帝制曰：考绩著三年之最，用奖臣劳；推恩始一命之荣，载扬国典。尔赏戴蓝翎浙江候补同知钱庆煜，筮仕初来，服官惟勉。继射潮之先泽，无玷家声；习听鼓于武林，克襄王事。兹以覃恩，诰封尔为中宪大夫。于戏！忠无不报，膺懋典而咸宜；往即乃功，尚新猷之益励。诰命。咸丰六年六月二日之宝。
69,李守,同治拾壹年拾月初玖日,同治,甘肃平凉府,甘肃,,"白東治在親
皇帝
沈聿隆褒獎爾
工压
營都司
花翎遠街甘肅平凉府知府李守
之父躬满厚垂訓端藏業可
開先式穀乃宣猷之本澤堪啟後
貽謀裕作牧之方以先贈爾
為中憲大夫錫之誥命於戲克承
清白之風嘉兹報政用慰顯揚之
志昭乃遺謨
制曰朝廷重民社之司功推循吏臣
相司天之寵溪
心撫字類結之色用
花翎道甘盡平府知府
同治拾壹年拾月初玖日
#墨之父母"
70,,,,孝陵,河北,荣禄大夫（从一品）,"積德於乃躬故發祥於其世。曾孫有慶惟爾之休茲以𫟛恩贈爾為榮祿大夫都督令事管看守孝陵副將事加一級錫之誥命。於戲一徳交孚迓天休而存至數傳始大荷帝眷之方来尚其欽承式佑爾後。

制曰徳隆宗社於開國為崇功恩及曾闈於承家為異數庸頒寵命以著殊休爾都督僉事管看守。

積德於乃躬故發祥於其世。曾孫有慶惟爾之休茲以𫟛恩贈爾為榮祿大夫都督令事管看守孝陵副將事加一級錫之誥命。於戲一徳交孚迓天休而存至數傳始大荷帝眷之方来尚其欽承式佑爾後。

制曰徳隆宗社於開國為崇功恩及曾闈於承家為異數庸頒寵命以著殊休爾都督僉事管看守。"
71,哈普西先、胡氏,同治拾壹年拾月初玖日,同治,盛京,辽宁,昭武都尉（正四品）、恭人（四品命妇）,"天承運
皇帝制曰誼篤靖共入官必資於敬
功歸海猶子亦教以忠爰沛國
恩用湯家訓爾哈普西先盛京
俯領托論布之叔父修士行代
啟儒風抱璞自珍克發珪璋之秀儲材足
用聿彰祀棹之良茲以恩馳贈爾
為昭武都尉錫之誥命於戲昭令
問於經籯書貽刻鵠佩徽章於策
府寵賁迴鸞茂典丕承榮名益劭

制曰家有孝慈之範美以相濟而成
國崇褒錫之文恩以相推而厚爾
胡氏迺盛京佐領托綸布之叔母
徳可相夫教能啟後一堂𤨔珮和
音克著其慈祥五夜機絲内治聿
昭其柔順兹以覃恩馳封爾為恭
人於戲普一體之榮施寫章賁采
表同心於訓迪象服分先

領
同治拾壹年拾月初玖日
托綸布之叔父母"
72,觉罗氏,,,正白旗汉军,,三等轻车都尉加一级,奉天承张庆皇帝制曰：良臣矢卫国之忠，每资内助；女士表型家之范，均沐恩纶。尔正白旗汉军世袭三等轻车都尉加一级祖诚德之继妻觉罗氏，义克终礼，同正始洁苹蘩而将事，中外称贤；锵𤨔珮以和鸣，后先合德。度期式际，嘉命宜颁。兹以覃恩，封尔为夫人。于戏！象服是宜，既佐委蛇于五緎；龙章有耀，尚劭黾勉于百年。
73,刘氏,光绪十五年冬月十六日,光绪,,,,皇帝制曰奮揭威黄，錫直推惡之庭訓。特勤門祥早授豹之業，天家有聿頒鸞恭之掌。兹以覃見利目為昭新之始，命於鹤義方著其数果貝林命，用訓其莊被顺寵膺。日我事宜帶興懷於對飛王進，沛得爰錫類以榮親。爾劉氏過印務章京加肆級松瑞之母，克修壹則，聿著母儀，教于矢忠藎之沈配鑒果庸本庭幃之訓給生光。兹以覃恩封爾為恭人，於戲除燕喜之昌期志國命受之典册，用表家禎。祖章京加肆。光绪拾伍年冬月拾隆日。相瑞之父母。
74,王右箴之母,同治拾年拾贰月拾陆日,同治,,,,"奉
帝制曰誼駕共人官必資於敬
仕而教之患鬼沛圎息用湯庭訓王青
雲過中向王箴之父朝修士行代畝懼
風花自珍光藏緯之秀科茶龍荷形
化坤之良兹以重感贈
誥命於戲蹈間於羅荒民古大著桃夜中
黄母之名載貴榮用宣懿問爾氏迺印
中銜王右箴之母早媚典則風著規型敬以
從夫宣室聿獄其順德勤於訓子備官一本
於慈祥兹以覃恩贈爾為宜人於戲荷彩翟
之天章音益暢被彤毫之仙藻惠問常流
祇服寵光彌昭貞静
同治扵年拾貳月拾陸日
王右箴之父集"
